SampleID,OtterID,CollectionDate,SizeOfSpraint,Sliminess,ExposureLevel,SampleNumbersOnSite,Sex
A003,2,27/03/06,small,mucousSpraint,activelyExposed,>4,M
A007,8,27/03/06,large,jelly,passivelyExposed,3-4,M
A009,8,27/03/06,large,jelly,passivelyExposed,>4,M
A011,6,27/03/06,large,jelly,passivelyExposed,3-4,F
A013,7,27/03/06,large,jelly,activelyExposed,>4,M
A028,16,27/03/06,large,spraint,non-exposed,3-4,F
A033,14,27/03/06,small,jelly,non-exposed,1-2,M
A085,20,27/03/06,medium,mucousSpraint,non-exposed,3-4,M
A087,20,27/03/06,small,spraint,activelyExposed,3-4,M
A122,10,27/03/06,small,spraint,non-exposed,1-2,M
A125,13,27/03/06,medium,spraint,non-exposed,1-2,F
A127,10,27/03/06,medium,mucousSpraint,activelyExposed,3-4,M
A130,11,27/03/06,medium,mucousSpraint,passivelyExposed,3-4,M
A131,11,27/03/06,medium,mucousSpraint,passivelyExposed,3-4,M
A133,10,27/03/06,medium,mucousSpraint,passivelyExposed,>4,M
A137,11,27/03/06,small,jelly,non-exposed,1-2,M
A138,12,27/03/06,small,mucousSpraint,activelyExposed,1-2,F
A139,13,27/03/06,small,jelly,passivelyExposed,3-4,F
B061,14,28/03/06,large,mucousSpraint,passivelyExposed,>4,M
B062,16,28/03/06,small,mucousSpraint,non-exposed,3-4,F
B069,16,28/03/06,large,mucousSpraint,non-exposed,3-4,F
B070,16,28/03/06,large,spraint,non-exposed,3-4,F
B076,17,28/03/06,large,mucousSpraint,non-exposed,>4,F
B078,17,28/03/06,large,mucousSpraint,non-exposed,>4,F
B079,16,28/03/06,large,spraint,non-exposed,>4,F
B080,14,28/03/06,large,jelly,passivelyExposed,1-2,M
B081,20,28/03/06,small,mucousSpraint,passivelyExposed,>4,M
B082,20,28/03/06,small,mucousSpraint,non-exposed,>4,M
B088,20,28/03/06,small,mucousSpraint,non-exposed,1-2,M
B098,20,28/03/06,medium,spraint,non-exposed,1-2,M
B103,10,28/03/06,large,jelly,non-exposed,3-4,M
B106,10,28/03/06,medium,mucousSpraint,passivelyExposed,3-4,M
B109,10,28/03/06,medium,mucousSpraint,non-exposed,>4,M
B111,13,28/03/06,small,mucousSpraint,non-exposed,1-2,F
B112,10,28/03/06,medium,mucousSpraint,non-exposed,1-2,M
B113,11,28/03/06,small,mucousSpraint,passivelyExposed,>4,M
B142,4,28/03/06,medium,spraint,passivelyExposed,1-2,F
B144,1,28/03/06,medium,mucousSpraint,activelyExposed,>4,F
B147,1,28/03/06,small,spraint,activelyExposed,3-4,F
B148,1,28/03/06,medium,mucousSpraint,activelyExposed,3-4,F
B151,1,28/03/06,medium,spraint,passivelyExposed,3-4,F
B153,6,28/03/06,large,mucousSpraint,passivelyExposed,>4,F
B158,1,28/03/06,medium,mucousSpraint,activelyExposed,>4,F
C062,13,29/03/06,small,spraint,non-exposed,1-2,F
C063,13,29/03/06,small,mucousSpraint,non-exposed,1-2,F
C064,10,29/03/06,large,mucousSpraint,passivelyExposed,3-4,M
C067,10,29/03/06,small,mucousSpraint,passivelyExposed,3-4,M
C068,10,29/03/06,small,jelly,non-exposed,>4,M
C069,10,29/03/06,medium,jelly,non-exposed,>4,M
C070,11,29/03/06,medium,mucousSpraint,non-exposed,1-2,M
C084,16,29/03/06,large,spraint,non-exposed,1-2,F
C086,18,29/03/06,small,mucousSpraint,non-exposed,>4,F
C089,17,29/03/06,large,mucousSpraint,passivelyExposed,3-4,F
C090,16,29/03/06,large,mucousSpraint,passivelyExposed,3-4,F
C095,17,29/03/06,large,mucousSpraint,passivelyExposed,3-4,F
C096,16,29/03/06,large,mucousSpraint,passivelyExposed,3-4,F
C097,17,29/03/06,medium,mucousSpraint,passivelyExposed,3-4,F
C104,2,29/03/06,medium,mucousSpraint,activelyExposed,>4,M
C105,3,29/03/06,large,jelly,activelyExposed,>4,M
C109,6,29/03/06,medium,jelly,activelyExposed,1-2,F
C110,6,29/03/06,medium,jelly,activelyExposed,1-2,F
C111,8,29/03/06,large,jelly,activelyExposed,3-4,M
C112,7,29/03/06,medium,mucousSpraint,activelyExposed,>4,M
C117,7,29/03/06,medium,jelly,activelyExposed,>4,M
C119,6,29/03/06,large,jelly,activelyExposed,>4,F
C120,2,29/03/06,medium,mucousSpraint,activelyExposed,>4,M
C150,19,29/03/06,medium,mucousSpraint,non-exposed,1-2,F
C152,21,29/03/06,medium,mucousSpraint,activelyExposed,1-2,M
C154,18,29/03/06,small,mucousSpraint,non-exposed,1-2,F
C155,18,29/03/06,small,jelly,activelyExposed,1-2,F
D066,5,30/03/06,small,jelly,activelyExposed,>4,F
D067,5,30/03/06,medium,jelly,activelyExposed,>4,F
D069,5,30/03/06,large,jelly,activelyExposed,3-4,F
D074,8,30/03/06,large,jelly,activelyExposed,>4,M
D076,1,30/03/06,large,mucousSpraint,activelyExposed,>4,F
D079,1,30/03/06,large,mucousSpraint,activelyExposed,>4,F
D084,10,30/03/06,small,jelly,non-exposed,>4,M
D085,10,30/03/06,large,mucousSpraint,non-exposed,>4,M
D102,19,30/03/06,medium,mucousSpraint,passivelyExposed,>4,F
D105,19,30/03/06,medium,mucousSpraint,activelyExposed,>4,F
D106,19,30/03/06,medium,mucousSpraint,activelyExposed,3-4,F
D108,21,30/03/06,large,mucousSpraint,passivelyExposed,1-2,M
D110,22,30/03/06,medium,spraint,non-exposed,1-2,M
D113,19,30/03/06,small,mucousSpraint,activelyExposed,3-4,F
D141,17,30/03/06,large,spraint,non-exposed,>4,F
D142,17,30/03/06,large,spraint,passivelyExposed,>4,F
D143,14,30/03/06,medium,jelly,non-exposed,>4,M
D147,17,30/03/06,large,spraint,passivelyExposed,>4,F
D148,17,30/03/06,large,mucousSpraint,passivelyExposed,>4,F
D149,17,30/03/06,large,spraint,passivelyExposed,1-2,F
D151,16,30/03/06,large,mucousSpraint,passivelyExposed,>4,F
D152,17,30/03/06,small,spraint,passivelyExposed,>4,F
D153,16,30/03/06,large,mucousSpraint,passivelyExposed,>4,F
D157,16,30/03/06,medium,spraint,passivelyExposed,>4,F
D158,16,30/03/06,large,spraint,passivelyExposed,>4,F
D160,17,30/03/06,medium,spraint,passivelyExposed,>4,F
DC134,1,30/03/06,medium,jelly,activelyExposed,>4,F
E002,10,31/03/06,large,mucousSpraint,non-exposed,3-4,M
E004,13,31/03/06,small,jelly,activelyExposed,3-4,F
E005,10,31/03/06,medium,mucousSpraint,activelyExposed,3-4,M
E014,10,31/03/06,large,mucousSpraint,activelyExposed,>4,M
E015,10,31/03/06,small,jelly,activelyExposed,>4,M
E061,17,31/03/06,small,jelly,non-exposed,1-2,F
E064,16,31/03/06,large,mucousSpraint,passivelyExposed,>4,F
E065,17,31/03/06,medium,mucousSpraint,passivelyExposed,>4,F
E068,16,31/03/06,large,mucousSpraint,passivelyExposed,1-2,F
E076,17,31/03/06,medium,mucousSpraint,passivelyExposed,>4,F
E084,9,31/03/06,large,mucousSpraint,activelyExposed,3-4,M
E091,7,31/03/06,large,mucousSpraint,non-exposed,1-2,M
E092,8,31/03/06,medium,jelly,passivelyExposed,1-2,M
E094,8,31/03/06,large,mucousSpraint,activelyExposed,3-4,M
E095,8,31/03/06,large,jelly,non-exposed,1-2,M
E096,8,31/03/06,large,jelly,activelyExposed,>4,M
E097,7,31/03/06,medium,mucousSpraint,activelyExposed,>4,M
E098,7,31/03/06,large,jelly,activelyExposed,>4,M
E099,7,31/03/06,large,jelly,activelyExposed,>4,M
E100,2,31/03/06,NA,mucousSpraint,NA,>4,M
E122,19,31/03/06,medium,spraint,non-exposed,>4,F
E127,21,31/03/06,large,mucousSpraint,activelyExposed,>4,M
E128,15,31/03/06,small,mucousSpraint,passivelyExposed,1-2,M
E133,19,31/03/06,small,mucousSpraint,activelyExposed,3-4,F
F003-2,24,24/04/07,large,spraint,activelyExposed,>4,F
F004-2,25,24/04/07,small,jelly,passivelyExposed,3-4,F
F008-3,17,25/04/07,small,jelly,passivelyExposed,1-2,F
F009-3,26,25/04/07,small,spraint,non-exposed,1-2,M
F012-3,26,25/04/07,small,spraint,non-exposed,3-4,M
F014-3,83,25/04/07,small,spraint,passivelyExposed,1-2,M
F015-3,26,25/04/07,small,jelly,passivelyExposed,1-2,M
F016-4,16,26/04/07,medium,mucousSpraint,passivelyExposed,1-2,F
F017-3,17,25/04/07,small,jelly,passivelyExposed,1-2,F
F018-4,16,26/04/07,small,spraint,non-exposed,1-2,F
F027-2,28,24/04/07,medium,jelly,non-exposed,>4,M
F028-2,28,24/04/07,small,spraint,activelyExposed,>4,M
F030-2,28,24/04/07,large,jelly,activelyExposed,>4,M
F031-2,7,24/04/07,large,jelly,activelyExposed,>4,M
F032-2,7,24/04/07,small,jelly,non-exposed,>4,M
F033-2,28,24/04/07,small,mucousSpraint,non-exposed,>4,M
F035-2,33,24/04/07,large,spraint,activelyExposed,>4,F
F036-2,28,24/04/07,medium,spraint,activelyExposed,>4,M
F037-2,28,24/04/07,medium,mucousSpraint,activelyExposed,>4,M
F038-1,7,23/04/07,small,jelly,activelyExposed,>4,M
F039-1,25,23/04/07,small,mucousSpraint,activelyExposed,1-2,F
F041-2,1,24/04/07,large,jelly,activelyExposed,>4,F
F042-2,24,24/04/07,large,mucousSpraint,non-exposed,>4,F
F045-1,33,23/04/07,medium,mucousSpraint,activelyExposed,>4,F
F047-1,7,23/04/07,small,jelly,activelyExposed,>4,M
F049-1,31,23/04/07,large,jelly,passivelyExposed,>4,M
F052-1,24,23/04/07,medium,spraint,passivelyExposed,1-2,F
F053-1,28,23/04/07,medium,spraint,passivelyExposed,1-2,M
F054-2,5,24/04/07,small,spraint,passivelyExposed,1-2,F
F055-2,32,24/04/07,medium,mucousSpraint,non-exposed,1-2,M
F056-2,28,24/04/07,large,spraint,passivelyExposed,3-4,M
F057-2,7,24/04/07,large,spraint,passivelyExposed,3-4,M
F058-2,28,24/04/07,large,mucousSpraint,non-exposed,>4,M
F061-2,7,24/04/07,large,mucousSpraint,passivelyExposed,3-4,M
F062-2,28,24/04/07,medium,mucousSpraint,non-exposed,3-4,M
F064-2,28,24/04/07,large,mucousSpraint,passivelyExposed,3-4,M
F065-2,33,24/04/07,large,spraint,activelyExposed,1-2,F
F068-3,34,25/04/07,large,spraint,non-exposed,>4,M
F069-3,5,25/04/07,large,jelly,passivelyExposed,>4,F
F074-2,25,24/04/07,small,jelly,activelyExposed,3-4,F
F075-2,27,24/04/07,small,mucousSpraint,non-exposed,1-2,F
F076-1,23,23/04/07,medium,spraint,passivelyExposed,1-2,M
F077-1,36,23/04/07,small,spraint,passivelyExposed,1-2,M
F081-2,36,24/04/07,medium,spraint,passivelyExposed,1-2,M
F087-5,35,27/04/07,large,mucousSpraint,non-exposed,1-2,F
F090-3,35,25/04/07,small,jelly,activelyExposed,1-2,F
F092-3,35,25/04/07,medium,spraint,passivelyExposed,1-2,F
F093-5,35,27/04/07,small,spraint,passivelyExposed,1-2,F
F094-5,36,27/04/07,small,jelly,passivelyExposed,1-2,M
F099-5,36,27/04/07,small,spraint,passivelyExposed,1-2,M
F102-1,10,23/04/07,small,spraint,activelyExposed,3-4,M
F105-3,41,25/04/07,small,spraint,non-exposed,1-2,F
F108-2,28,24/04/07,large,jelly,activelyExposed,>4,M
F109-2,10,24/04/07,small,mucousSpraint,non-exposed,3-4,M
F113-1,11,23/04/07,small,spraint,activelyExposed,1-2,M
F114-2,1,24/04/07,small,jelly,activelyExposed,>4,F
F117-2,30,24/04/07,medium,mucousSpraint,activelyExposed,>4,F
F118-2,30,24/04/07,medium,mucousSpraint,non-exposed,>4,F
F119-2,41,24/04/07,small,mucousSpraint,passivelyExposed,1-2,F
F120-2,30,24/04/07,large,jelly,activelyExposed,>4,F
F123-2,11,24/04/07,large,spraint,passivelyExposed,1-2,M
F125-2,7,24/04/07,large,mucousSpraint,passivelyExposed,1-2,M
G001-4,7,26/04/07,large,mucousSpraint,activelyExposed,3-4,M
G003-5,7,27/04/07,medium,spraint,passivelyExposed,1-2,M
G006-3,28,25/04/07,medium,mucousSpraint,activelyExposed,>4,M
G010-4,7,26/04/07,large,mucousSpraint,activelyExposed,>4,M
G011-3,6,25/04/07,large,spraint,passivelyExposed,3-4,F
G013-4,13,26/04/07,small,jelly,non-exposed,>4,F
G014-3,10,25/04/07,medium,mucousSpraint,non-exposed,>4,M
G020-4,10,26/04/07,small,jelly,passivelyExposed,1-2,M
G021-3,40,25/04/07,medium,jelly,activelyExposed,>4,M
G023-3,7,25/04/07,small,mucousSpraint,activelyExposed,>4,M
G028-3,34,25/04/07,medium,spraint,passivelyExposed,>4,M
G030-3,28,25/04/07,small,mucousSpraint,activelyExposed,>4,M
G032-4,23,26/04/07,small,spraint,activelyExposed,1-2,M
G033-4,23,26/04/07,small,jelly,passivelyExposed,3-4,M
G037-3,35,25/04/07,small,jelly,passivelyExposed,1-2,F
G042-4,23,26/04/07,small,jelly,passivelyExposed,3-4,M
G043-5,29,27/04/07,large,mucousSpraint,passivelyExposed,>4,F
G044-4,10,26/04/07,medium,mucousSpraint,passivelyExposed,3-4,M
G045-4,29,26/04/07,medium,spraint,passivelyExposed,>4,F
G046-4,13,26/04/07,large,spraint,non-exposed,3-4,F
G050-5,13,27/04/07,small,jelly,passivelyExposed,3-4,F
G051-5,7,27/04/07,small,spraint,activelyExposed,3-4,M
G063-4,37,26/04/07,large,mucousSpraint,passivelyExposed,>4,F
G066-3,24,25/04/07,large,jelly,passivelyExposed,3-4,F
G067-3,7,25/04/07,medium,jelly,passivelyExposed,1-2,M
G069-3,28,25/04/07,medium,spraint,passivelyExposed,3-4,M
G071-3,33,25/04/07,large,mucousSpraint,non-exposed,3-4,F
G075-3,39,25/04/07,small,jelly,non-exposed,3-4,M
G079-3,33,25/04/07,small,spraint,passivelyExposed,3-4,F
G083-3,11,25/04/07,large,jelly,activelyExposed,>4,M
G086-4,33,26/04/07,large,mucousSpraint,non-exposed,>4,F
G087-3,25,25/04/07,small,jelly,activelyExposed,3-4,F
G089-4,28,26/04/07,small,spraint,passivelyExposed,3-4,M
G092-4,33,26/04/07,large,mucousSpraint,non-exposed,>4,F
G096-4,34,26/04/07,large,jelly,non-exposed,>4,M
G097-3,7,25/04/07,medium,jelly,activelyExposed,>4,M
G098-5,6,27/04/07,medium,mucousSpraint,non-exposed,>4,F
G099-3,1,25/04/07,small,jelly,activelyExposed,>4,F
G105-3,24,25/04/07,large,mucousSpraint,activelyExposed,>4,F
G108-5,34,27/04/07,large,spraint,non-exposed,>4,M
G110-5,34,27/04/07,medium,mucousSpraint,non-exposed,>4,M
G111-4,2,26/04/07,medium,spraint,passivelyExposed,>4,M
G114-3,28,25/04/07,large,mucousSpraint,activelyExposed,>4,M
G116-4,5,26/04/07,small,spraint,activelyExposed,3-4,F
H003-5,24,27/04/07,large,mucousSpraint,passivelyExposed,3-4,F
H007-4,28,26/04/07,small,jelly,activelyExposed,>4,M
H008-5,28,27/04/07,medium,mucousSpraint,activelyExposed,>4,M
H009-5,28,27/04/07,small,mucousSpraint,activelyExposed,>4,M
H011-5,39,27/04/07,large,jelly,passivelyExposed,>4,M
H012-5,24,27/04/07,medium,spraint,passivelyExposed,3-4,F
H013-4,28,26/04/07,small,mucousSpraint,activelyExposed,>4,M
H016-4,24,26/04/07,small,mucousSpraint,activelyExposed,>4,F
H022-5,33,27/04/07,small,spraint,passivelyExposed,1-2,F
H025-5,33,27/04/07,large,mucousSpraint,passivelyExposed,1-2,F
H026-5,38,27/04/07,large,mucousSpraint,non-exposed,>4,F
H029-5,24,27/04/07,small,jelly,non-exposed,>4,F
H030-4,7,26/04/07,small,jelly,activelyExposed,>4,M
H035-5,34,27/04/07,medium,mucousSpraint,activelyExposed,>4,M
H037-4,28,26/04/07,medium,spraint,activelyExposed,>4,M
H038-4,24,26/04/07,small,jelly,non-exposed,>4,F
H039-5,6,27/04/07,large,mucousSpraint,activelyExposed,>4,F
H044-4,24,26/04/07,medium,spraint,activelyExposed,>4,F
H046-4,24,26/04/07,small,mucousSpraint,activelyExposed,>4,F
H048-4,28,26/04/07,small,mucousSpraint,activelyExposed,>4,M
H049-4,34,26/04/07,small,mucousSpraint,passivelyExposed,3-4,M
H050-4,6,26/04/07,medium,spraint,passivelyExposed,>4,F
H051-4,6,26/04/07,large,mucousSpraint,passivelyExposed,3-4,F
H052-4,7,26/04/07,small,mucousSpraint,passivelyExposed,3-4,M
H054-4,6,26/04/07,small,mucousSpraint,passivelyExposed,3-4,F
H059-5,28,27/04/07,large,jelly,activelyExposed,>4,M
H061-5,28,27/04/07,small,mucousSpraint,activelyExposed,>4,M
H064-5,28,27/04/07,small,spraint,passivelyExposed,>4,M
K013,7,26/05/08,medium,jelly,passivelyExposed,3-4,M
K034,50,26/05/08,large,spraint,non-exposed,1-2,M
K070,34,26/05/08,small,spraint,activelyExposed,3-4,M
K074,6,26/05/08,medium,spraint,activelyExposed,>4,F
K086,30,26/05/08,small,mucousSpraint,passivelyExposed,3-4,F
K101,44,26/05/08,medium,mucousSpraint,activelyExposed,3-4,F
K105,43,26/05/08,large,spraint,passivelyExposed,3-4,F
K110,48,26/05/08,small,spraint,activelyExposed,3-4,M
K111,32,26/05/08,medium,jelly,activelyExposed,3-4,M
K115,7,26/05/08,large,jelly,non-exposed,3-4,M
K124,16,26/05/08,medium,jelly,passivelyExposed,3-4,F
K128,42,26/05/08,large,spraint,non-exposed,>4,M
K129,32,26/05/08,large,spraint,passivelyExposed,>4,M
K130,5,26/05/08,small,mucousSpraint,non-exposed,>4,F
K141,52,26/05/08,medium,spraint,activelyExposed,>4,F
L014,48,27/05/08,medium,spraint,activelyExposed,1-2,M
L017,50,27/05/08,medium,spraint,activelyExposed,3-4,M
L018,44,27/05/08,small,spraint,activelyExposed,3-4,F
L053,27,27/05/08,large,jelly,passivelyExposed,1-2,F
L058,10,27/05/08,large,jelly,activelyExposed,>4,M
L098,49,27/05/08,large,mucousSpraint,activelyExposed,3-4,F
L102,32,27/05/08,medium,jelly,passivelyExposed,3-4,M
L103,32,27/05/08,large,spraint,passivelyExposed,3-4,M
L104,32,27/05/08,medium,jelly,activelyExposed,1-2,M
L105,32,27/05/08,large,spraint,non-exposed,>4,M
L108,34,27/05/08,medium,mucousSpraint,passivelyExposed,>4,M
L109,34,27/05/08,large,mucousSpraint,activelyExposed,3-4,M
L110,6,27/05/08,small,spraint,non-exposed,>4,F
L111,6,27/05/08,small,jelly,passivelyExposed,3-4,F
L112,7,27/05/08,medium,mucousSpraint,passivelyExposed,3-4,M
L113,5,27/05/08,medium,jelly,activelyExposed,1-2,F
M011,16,28/05/08,large,jelly,non-exposed,1-2,F
M012,16,28/05/08,medium,spraint,non-exposed,3-4,F
M019,7,28/05/08,small,jelly,non-exposed,1-2,M
M039,50,28/05/08,small,spraint,passivelyExposed,3-4,M
M041,50,28/05/08,large,spraint,passivelyExposed,3-4,M
M042,50,28/05/08,large,spraint,non-exposed,3-4,M
M045,50,28/05/08,medium,mucousSpraint,non-exposed,3-4,M
M066,34,28/05/08,medium,spraint,passivelyExposed,>4,M
M069,6,28/05/08,small,jelly,passivelyExposed,>4,F
M071,32,28/05/08,small,jelly,activelyExposed,1-2,M
M072,34,28/05/08,large,spraint,non-exposed,>4,M
M075,42,28/05/08,medium,mucousSpraint,activelyExposed,3-4,M
M076,32,28/05/08,large,spraint,passivelyExposed,3-4,M
M077,32,28/05/08,small,mucousSpraint,activelyExposed,>4,M
M078,32,28/05/08,large,mucousSpraint,passivelyExposed,>4,M
M079,32,28/05/08,small,jelly,passivelyExposed,>4,M
M080,32,28/05/08,small,jelly,activelyExposed,1-2,M
M083,10,28/05/08,medium,mucousSpraint,activelyExposed,>4,M
M084,27,28/05/08,small,jelly,passivelyExposed,3-4,F
M091,10,28/05/08,large,jelly,activelyExposed,>4,M
M092,10,28/05/08,small,jelly,activelyExposed,>4,M
M094,30,28/05/08,medium,spraint,non-exposed,3-4,F
M098,30,28/05/08,small,spraint,activelyExposed,3-4,F
N007,45,29/05/08,medium,spraint,passivelyExposed,3-4,F
N010,27,29/05/08,large,spraint,passivelyExposed,3-4,F
N015,30,29/05/08,medium,spraint,non-exposed,3-4,F
N020,30,29/05/08,small,mucousSpraint,activelyExposed,3-4,F
N032,48,29/05/08,medium,spraint,activelyExposed,3-4,M
N033,48,29/05/08,small,spraint,activelyExposed,3-4,M
N034,49,29/05/08,small,mucousSpraint,activelyExposed,>4,F
N035,50,29/05/08,small,mucousSpraint,activelyExposed,3-4,M
N036,32,29/05/08,small,mucousSpraint,non-exposed,3-4,M
N037,32,29/05/08,large,mucousSpraint,passivelyExposed,3-4,M
N038,32,29/05/08,large,mucousSpraint,passivelyExposed,3-4,M
N039,32,29/05/08,small,jelly,non-exposed,1-2,M
N041,32,29/05/08,small,jelly,activelyExposed,1-2,M
N042,32,29/05/08,medium,jelly,non-exposed,>4,M
N043,51,29/05/08,large,jelly,passivelyExposed,>4,M
N044,34,29/05/08,small,jelly,passivelyExposed,>4,M
N045,42,29/05/08,large,spraint,non-exposed,>4,M
N049,47,29/05/08,large,mucousSpraint,non-exposed,>4,M
N052,6,29/05/08,large,jelly,passivelyExposed,3-4,F
N054,7,29/05/08,small,jelly,passivelyExposed,>4,M
N055,42,29/05/08,small,mucousSpraint,non-exposed,>4,M
N082,50,29/05/08,large,spraint,passivelyExposed,3-4,M
N096,6,29/05/08,small,jelly,non-exposed,1-2,F
O007,50,30/05/08,large,jelly,activelyExposed,3-4,M
O008,50,30/05/08,small,jelly,activelyExposed,3-4,M
O016,50,30/05/08,small,mucousSpraint,activelyExposed,3-4,M
O031,16,30/05/08,medium,spraint,activelyExposed,1-2,F
O032,21,30/05/08,large,jelly,passivelyExposed,1-2,M
O039,46,30/05/08,medium,mucousSpraint,non-exposed,1-2,F
O041,30,30/05/08,small,spraint,non-exposed,3-4,F
O054,27,30/05/08,medium,spraint,NA,1-2,F
O059,32,30/05/08,small,spraint,passivelyExposed,3-4,M
O060,23,30/05/08,medium,jelly,activelyExposed,>4,M
O063,7,30/05/08,medium,jelly,non-exposed,>4,M
O064,32,30/05/08,small,mucousSpraint,passivelyExposed,>4,M
O065,32,30/05/08,small,jelly,passivelyExposed,3-4,M
O066,32,30/05/08,medium,jelly,activelyExposed,>4,M
O067,32,30/05/08,small,spraint,passivelyExposed,>4,M
O068,32,30/05/08,small,mucousSpraint,non-exposed,>4,M
O071,6,30/05/08,large,spraint,activelyExposed,>4,F
O074,6,30/05/08,small,mucousSpraint,activelyExposed,>4,F
O078,7,30/05/08,medium,jelly,non-exposed,>4,M
P003,42,22/03/10,medium,spraint,non-exposed,3-4,M
P005,45,22/03/10,large,mucousSpraint,non-exposed,1-2,F
P029,21,22/03/10,medium,mucousSpraint,non-exposed,1-2,M
P030,61,22/03/10,large,mucousSpraint,passivelyExposed,3-4,M
P032,44,22/03/10,large,spraint,passivelyExposed,1-2,F
P033,57,22/03/10,large,mucousSpraint,non-exposed,3-4,F
P034,61,22/03/10,small,spraint,non-exposed,1-2,M
P045,5,22/03/10,small,jelly,activelyExposed,1-2,F
P048,5,22/03/10,medium,mucousSpraint,non-exposed,3-4,F
P051,34,22/03/10,medium,spraint,passivelyExposed,>4,M
P055,5,22/03/10,small,jelly,activelyExposed,3-4,F
P057,56,22/03/10,small,jelly,activelyExposed,3-4,M
P059,34,22/03/10,large,spraint,passivelyExposed,>4,M
P060,34,22/03/10,large,mucousSpraint,passivelyExposed,>4,M
P069,34,22/03/10,small,spraint,non-exposed,1-2,M
P072,34,22/03/10,medium,spraint,non-exposed,1-2,M
P073,58,22/03/10,medium,spraint,passivelyExposed,1-2,F
P074,1,22/03/10,large,mucousSpraint,passivelyExposed,1-2,F
P080,34,22/03/10,large,mucousSpraint,non-exposed,1-2,M
P085,57,22/03/10,medium,jelly,non-exposed,3-4,F
P091,56,22/03/10,medium,mucousSpraint,non-exposed,>4,M
P092,56,22/03/10,large,spraint,passivelyExposed,3-4,M
P094,59,22/03/10,medium,spraint,activelyExposed,3-4,M
P102,54,22/03/10,medium,mucousSpraint,activelyExposed,1-2,F
P104,53,22/03/10,small,jelly,non-exposed,3-4,F
P107,62,22/03/10,small,jelly,passivelyExposed,3-4,M
P109,17,22/03/10,medium,spraint,non-exposed,1-2,F
P117,5,22/03/10,medium,mucousSpraint,passivelyExposed,>4,F
Q002,44,23/03/10,large,spraint,non-exposed,1-2,F
Q014,45,23/03/10,medium,mucousSpraint,non-exposed,1-2,F
Q022,46,23/03/10,large,mucousSpraint,passivelyExposed,1-2,F
Q023,42,23/03/10,large,spraint,passivelyExposed,3-4,M
Q026,45,23/03/10,small,jelly,non-exposed,3-4,F
Q027,45,23/03/10,medium,spraint,activelyExposed,1-2,F
Q028,46,23/03/10,small,jelly,activelyExposed,1-2,F
Q033,45,23/03/10,medium,spraint,passivelyExposed,3-4,F
Q035,46,23/03/10,small,spraint,activelyExposed,1-2,F
Q040,1,23/03/10,medium,mucousSpraint,passivelyExposed,1-2,F
Q042,1,23/03/10,small,jelly,non-exposed,1-2,F
Q053,1,23/03/10,medium,mucousSpraint,passivelyExposed,>4,F
Q060,34,23/03/10,medium,spraint,activelyExposed,>4,M
Q066,60,23/03/10,small,mucousSpraint,passivelyExposed,>4,M
Q075,5,23/03/10,small,spraint,passivelyExposed,3-4,F
Q080,55,23/03/10,small,spraint,passivelyExposed,3-4,F
Q083,59,23/03/10,small,spraint,non-exposed,3-4,M
Q093,55,23/03/10,small,mucousSpraint,passivelyExposed,3-4,F
Q100,55,23/03/10,small,mucousSpraint,passivelyExposed,1-2,F
Q112,59,23/03/10,small,mucousSpraint,activelyExposed,3-4,M
Q113,54,23/03/10,small,jelly,passivelyExposed,3-4,F
R003,54,24/03/10,medium,mucousSpraint,non-exposed,3-4,F
R004,53,24/03/10,medium,spraint,non-exposed,3-4,F
R008,63,24/03/10,large,jelly,activelyExposed,1-2,M
R011,53,24/03/10,medium,spraint,activelyExposed,3-4,F
R015,56,24/03/10,small,jelly,passivelyExposed,1-2,M
R016,55,24/03/10,medium,spraint,non-exposed,>4,F
R021,55,24/03/10,large,spraint,passivelyExposed,>4,F
R022,55,24/03/10,medium,spraint,activelyExposed,>4,F
R025,55,24/03/10,medium,spraint,activelyExposed,>4,F
R035,44,24/03/10,medium,jelly,non-exposed,3-4,F
R038,44,24/03/10,small,spraint,passivelyExposed,3-4,F
R042,44,24/03/10,large,spraint,non-exposed,1-2,F
R045,58,24/03/10,small,mucousSpraint,non-exposed,1-2,F
R046,84,24/03/10,small,mucousSpraint,non-exposed,1-2,F
R048,1,24/03/10,small,jelly,non-exposed,1-2,F
R049,1,24/03/10,large,mucousSpraint,passivelyExposed,3-4,F
R051,1,24/03/10,small,mucousSpraint,passivelyExposed,3-4,F
R053,1,24/03/10,medium,jelly,passivelyExposed,1-2,F
R057,58,24/03/10,small,mucousSpraint,non-exposed,1-2,F
R058,58,24/03/10,small,jelly,passivelyExposed,>4,F
R071,5,24/03/10,small,mucousSpraint,activelyExposed,3-4,F
R082,34,24/03/10,medium,spraint,passivelyExposed,>4,M
R086,57,24/03/10,medium,mucousSpraint,activelyExposed,3-4,F
R088,57,24/03/10,small,jelly,activelyExposed,1-2,F
R089,46,24/03/10,small,NA,activelyExposed,3-4,F
R090,46,24/03/10,small,spraint,activelyExposed,3-4,F
R092,45,24/03/10,medium,spraint,non-exposed,1-2,F
R096,46,24/03/10,small,mucousSpraint,non-exposed,3-4,F
R097,45,24/03/10,small,spraint,passivelyExposed,1-2,F
R098,42,24/03/10,small,jelly,non-exposed,3-4,M
R099,45,24/03/10,small,jelly,non-exposed,3-4,F
R100,42,24/03/10,small,jelly,passivelyExposed,1-2,M
R101,42,24/03/10,large,mucousSpraint,non-exposed,3-4,M
R105,59,24/03/10,small,jelly,passivelyExposed,3-4,M
R110,57,24/03/10,large,mucousSpraint,non-exposed,3-4,F
R111,57,24/03/10,large,mucousSpraint,passivelyExposed,3-4,F
R112,57,24/03/10,large,spraint,non-exposed,3-4,F
R114,45,24/03/10,small,jelly,non-exposed,3-4,F
S001,17,25/03/10,small,jelly,activelyExposed,1-2,F
S004,59,25/03/10,small,jelly,non-exposed,>4,M
S016,57,25/03/10,small,mucousSpraint,non-exposed,3-4,F
S021,45,25/03/10,small,mucousSpraint,passivelyExposed,3-4,F
S022,46,25/03/10,small,mucousSpraint,activelyExposed,3-4,F
S024,42,25/03/10,small,mucousSpraint,passivelyExposed,3-4,M
S047,44,25/03/10,medium,mucousSpraint,non-exposed,3-4,F
S048,34,25/03/10,small,mucousSpraint,non-exposed,3-4,M
S051,1,25/03/10,large,mucousSpraint,passivelyExposed,>4,F
S053,1,25/03/10,medium,jelly,passivelyExposed,>4,F
S059,1,25/03/10,medium,spraint,activelyExposed,3-4,F
S060,58,25/03/10,small,spraint,passivelyExposed,1-2,F
S076,56,25/03/10,medium,mucousSpraint,activelyExposed,3-4,M
S082,56,25/03/10,medium,spraint,activelyExposed,>4,M
S089,34,25/03/10,small,mucousSpraint,activelyExposed,>4,M
S091,57,25/03/10,large,spraint,passivelyExposed,3-4,F
S105,5,25/03/10,small,spraint,passivelyExposed,3-4,F
T001,58,26/03/10,medium,mucousSpraint,passivelyExposed,>4,F
T002,1,26/03/10,large,jelly,passivelyExposed,>4,F
T004,1,26/03/10,medium,jelly,passivelyExposed,>4,F
T005,1,26/03/10,large,mucousSpraint,non-exposed,>4,F
T009,34,26/03/10,medium,jelly,passivelyExposed,3-4,M
T010,58,26/03/10,medium,spraint,non-exposed,3-4,F
T022,44,26/03/10,medium,mucousSpraint,non-exposed,1-2,F
T029,46,26/03/10,small,spraint,activelyExposed,>4,F
T037,46,26/03/10,medium,mucousSpraint,activelyExposed,>4,F
T043,45,26/03/10,medium,mucousSpraint,non-exposed,1-2,F
T048,57,26/03/10,medium,spraint,passivelyExposed,>4,F
T054,57,26/03/10,small,jelly,passivelyExposed,>4,F
T055,57,26/03/10,small,jelly,passivelyExposed,>4,F
T056,55,26/03/10,large,mucousSpraint,passivelyExposed,3-4,F
T057,55,26/03/10,large,mucousSpraint,passivelyExposed,3-4,F
T058,55,26/03/10,large,mucousSpraint,activelyExposed,1-2,F
T061,55,26/03/10,large,spraint,activelyExposed,>4,F
T066,55,26/03/10,medium,spraint,non-exposed,>4,F
T073,59,26/03/10,small,jelly,passivelyExposed,3-4,M
T077,55,26/03/10,medium,spraint,activelyExposed,3-4,F
T088,59,26/03/10,small,mucousSpraint,passivelyExposed,1-2,M
T089,17,26/03/10,small,mucousSpraint,passivelyExposed,1-2,F
T091,59,26/03/10,medium,spraint,passivelyExposed,1-2,M
T093,59,26/03/10,medium,spraint,passivelyExposed,1-2,M
T094,17,26/03/10,small,mucousSpraint,passivelyExposed,3-4,F
T107,57,26/03/10,large,jelly,passivelyExposed,3-4,F
V005,65,28/03/11,medium,spraint,passivelyExposed,>4,M
V019,53,28/03/11,small,spraint,non-exposed,1-2,F
V022,21,28/03/11,medium,mucousSpraint,non-exposed,>4,M
V032,59,28/03/11,small,jelly,activelyExposed,1-2,M
V046,56,28/03/11,medium,jelly,non-exposed,1-2,M
V050,21,28/03/11,medium,spraint,activelyExposed,1-2,M
V052,44,28/03/11,medium,spraint,non-exposed,1-2,F
V055,71,28/03/11,large,jelly,non-exposed,1-2,F
V064,73,28/03/11,large,spraint,non-exposed,>4,M
V068,65,28/03/11,medium,mucousSpraint,non-exposed,1-2,M
V074,58,28/03/11,medium,mucousSpraint,non-exposed,1-2,F
V085,66,28/03/11,medium,spraint,passivelyExposed,3-4,F
V087,73,28/03/11,medium,mucousSpraint,non-exposed,3-4,M
V097,42,28/03/11,small,mucousSpraint,non-exposed,3-4,M
V101,57,28/03/11,small,spraint,non-exposed,3-4,F
V104,67,28/03/11,large,spraint,non-exposed,3-4,M
V109,67,28/03/11,small,mucousSpraint,passivelyExposed,1-2,M
V116,59,28/03/11,medium,mucousSpraint,activelyExposed,3-4,M
V118,44,28/03/11,medium,spraint,non-exposed,3-4,F
V127,69,28/03/11,small,spraint,activelyExposed,>4,F
W002,71,29/03/11,large,spraint,passivelyExposed,3-4,F
W004,42,29/03/11,medium,spraint,passivelyExposed,1-2,M
W005,59,29/03/11,large,mucousSpraint,activelyExposed,>4,M
W006,71,29/03/11,large,mucousSpraint,passivelyExposed,3-4,F
W011,55,29/03/11,large,jelly,non-exposed,3-4,F
W013,57,29/03/11,large,jelly,passivelyExposed,3-4,F
W020,69,29/03/11,small,spraint,passivelyExposed,1-2,F
W026,69,29/03/11,small,spraint,passivelyExposed,3-4,F
W030,66,29/03/11,medium,mucousSpraint,non-exposed,>4,F
W034,17,29/03/11,large,spraint,non-exposed,1-2,F
W040,68,29/03/11,large,mucousSpraint,non-exposed,>4,M
W042,59,29/03/11,large,mucousSpraint,non-exposed,3-4,M
W049,68,29/03/11,medium,spraint,non-exposed,>4,M
W050,21,29/03/11,large,mucousSpraint,activelyExposed,>4,M
W053,68,29/03/11,medium,spraint,passivelyExposed,>4,M
W055,68,29/03/11,small,mucousSpraint,non-exposed,>4,M
W061,68,29/03/11,large,mucousSpraint,passivelyExposed,>4,M
W065,44,29/03/11,small,mucousSpraint,non-exposed,1-2,F
W076,68,29/03/11,large,spraint,non-exposed,>4,M
W084,57,29/03/11,large,spraint,activelyExposed,1-2,F
W093,59,29/03/11,large,jelly,passivelyExposed,>4,M
W097,59,29/03/11,large,jelly,non-exposed,3-4,M
W098,44,29/03/11,large,mucousSpraint,activelyExposed,3-4,F
W108,74,29/03/11,medium,mucousSpraint,passivelyExposed,1-2,M
W112,44,29/03/11,medium,jelly,activelyExposed,3-4,F
W114,72,29/03/11,large,spraint,non-exposed,3-4,F
W117,74,29/03/11,small,mucousSpraint,passivelyExposed,1-2,M
W118,58,29/03/11,medium,jelly,passivelyExposed,>4,F
X005,44,30/03/11,large,spraint,activelyExposed,3-4,F
X008,59,30/03/11,small,mucousSpraint,activelyExposed,>4,M
X018,58,30/03/11,small,spraint,non-exposed,3-4,F
X031,76,30/03/11,medium,spraint,non-exposed,>4,F
X040,59,30/03/11,large,jelly,activelyExposed,>4,M
X041,44,30/03/11,small,spraint,passivelyExposed,3-4,F
X042,44,30/03/11,medium,spraint,non-exposed,3-4,F
X046,64,30/03/11,medium,mucousSpraint,non-exposed,>4,M
X050,64,30/03/11,small,jelly,non-exposed,>4,M
X051,58,30/03/11,medium,spraint,non-exposed,3-4,F
X054,69,30/03/11,small,mucousSpraint,passivelyExposed,3-4,F
X058,21,30/03/11,small,mucousSpraint,activelyExposed,3-4,M
X059,21,30/03/11,medium,mucousSpraint,activelyExposed,3-4,M
X063,70,30/03/11,large,spraint,activelyExposed,3-4,F
X067,70,30/03/11,medium,mucousSpraint,activelyExposed,1-2,F
X068,21,30/03/11,small,mucousSpraint,activelyExposed,3-4,M
X070,21,30/03/11,small,mucousSpraint,activelyExposed,1-2,M
X072,21,30/03/11,small,mucousSpraint,activelyExposed,3-4,M
X074,70,30/03/11,medium,mucousSpraint,activelyExposed,1-2,F
X077,70,30/03/11,small,jelly,activelyExposed,3-4,F
X079,21,30/03/11,small,mucousSpraint,activelyExposed,3-4,M
X100,46,30/03/11,medium,spraint,activelyExposed,>4,F
X104,46,30/03/11,medium,spraint,activelyExposed,>4,F
X107,73,30/03/11,large,mucousSpraint,non-exposed,>4,M
X116,46,30/03/11,large,spraint,activelyExposed,1-2,F
X117,46,30/03/11,medium,spraint,activelyExposed,3-4,F
X118,46,30/03/11,large,spraint,non-exposed,3-4,F
X120,46,30/03/11,large,spraint,activelyExposed,3-4,F
X121,68,30/03/11,large,mucousSpraint,non-exposed,>4,M
X124,68,30/03/11,large,spraint,non-exposed,>4,M
X131,46,30/03/11,large,spraint,activelyExposed,1-2,F
X137,21,30/03/11,medium,spraint,activelyExposed,3-4,M
X139,57,30/03/11,large,spraint,non-exposed,3-4,F
X152,53,30/03/11,medium,spraint,non-exposed,3-4,F
X154,71,30/03/11,medium,mucousSpraint,non-exposed,3-4,F
X155,54,30/03/11,large,mucousSpraint,passivelyExposed,1-2,F
XA001,81,27/03/12,small,spraint,activelyExposed,>4,M
XA019,59,27/03/12,large,spraint,activelyExposed,3-4,M
XA020,79,27/03/12,medium,spraint,activelyExposed,3-4,M
XA056,69,27/03/12,large,mucousSpraint,non-exposed,>4,F
XA058,81,27/03/12,small,spraint,activelyExposed,>4,M
XA064,69,27/03/12,small,jelly,activelyExposed,>4,F
XA074,78,27/03/12,medium,jelly,non-exposed,3-4,F
XA088,46,27/03/12,small,jelly,activelyExposed,1-2,F
XA090,71,27/03/12,small,jelly,activelyExposed,1-2,F
XA099,59,27/03/12,large,spraint,activelyExposed,3-4,M
XA103,79,27/03/12,large,mucousSpraint,passivelyExposed,3-4,M
XA104,46,27/03/12,small,jelly,activelyExposed,1-2,F
XA108,44,27/03/12,medium,mucousSpraint,passivelyExposed,3-4,F
XA115,69,27/03/12,small,mucousSpraint,activelyExposed,3-4,F
XA117,67,27/03/12,large,jelly,passivelyExposed,3-4,M
XA126,59,27/03/12,large,spraint,passivelyExposed,3-4,M
XB002,81,28/03/12,medium,spraint,activelyExposed,1-2,M
XB004,73,28/03/12,large,spraint,activelyExposed,>4,M
XB005,81,28/03/12,medium,mucousSpraint,passivelyExposed,>4,M
XB007,66,28/03/12,small,jelly,non-exposed,>4,F
XB008,53,28/03/12,small,jelly,activelyExposed,1-2,F
XB013,81,28/03/12,large,mucousSpraint,passivelyExposed,>4,M
XB020,71,28/03/12,large,jelly,activelyExposed,3-4,F
XB028,78,28/03/12,medium,jelly,passivelyExposed,>4,F
XB038,59,28/03/12,medium,spraint,activelyExposed,3-4,M
XB043,77,28/03/12,large,mucousSpraint,passivelyExposed,>4,M
XB046,78,28/03/12,large,spraint,activelyExposed,1-2,F
XB047,78,28/03/12,medium,spraint,non-exposed,>4,F
XB051,78,28/03/12,medium,jelly,non-exposed,>4,F
XB066,54,28/03/12,medium,jelly,passivelyExposed,>4,F
XB075,44,28/03/12,large,mucousSpraint,passivelyExposed,>4,F
XB077,44,28/03/12,small,spraint,non-exposed,3-4,F
XB081,40,28/03/12,medium,mucousSpraint,passivelyExposed,>4,M
XB084,54,28/03/12,small,jelly,passivelyExposed,>4,F
XB089,79,28/03/12,small,spraint,activelyExposed,>4,M
XB116,66,28/03/12,medium,jelly,non-exposed,3-4,F
XB120,72,28/03/12,large,mucousSpraint,activelyExposed,1-2,F
XB121,35,28/03/12,medium,mucousSpraint,activelyExposed,>4,F
XB122,72,28/03/12,medium,mucousSpraint,activelyExposed,>4,F
XB129,46,28/03/12,small,mucousSpraint,activelyExposed,1-2,F
XB132,72,28/03/12,small,mucousSpraint,activelyExposed,>4,F
XB133,71,28/03/12,medium,mucousSpraint,activelyExposed,>4,F
XB138,72,28/03/12,large,mucousSpraint,activelyExposed,>4,F
XB142,57,28/03/12,small,mucousSpraint,activelyExposed,>4,F
XB146,68,28/03/12,small,mucousSpraint,passivelyExposed,1-2,M
XB147,71,28/03/12,large,spraint,activelyExposed,>4,F
XC008,71,29/03/12,small,jelly,activelyExposed,>4,F
XC012,71,29/03/12,large,spraint,activelyExposed,3-4,F
XC013,73,29/03/12,medium,jelly,activelyExposed,>4,M
XC015,71,29/03/12,medium,mucousSpraint,activelyExposed,>4,F
XC021,72,29/03/12,medium,spraint,activelyExposed,3-4,F
XC036,81,29/03/12,large,spraint,activelyExposed,>4,M
XC037,35,29/03/12,large,spraint,activelyExposed,>4,F
XC040,72,29/03/12,medium,mucousSpraint,activelyExposed,>4,F
XC042,44,29/03/12,medium,mucousSpraint,non-exposed,3-4,F
XC046,82,29/03/12,large,spraint,non-exposed,1-2,F
XC047,35,29/03/12,medium,mucousSpraint,activelyExposed,>4,F
XC050,44,29/03/12,large,spraint,activelyExposed,3-4,F
XC052,44,29/03/12,small,spraint,activelyExposed,>4,F
XC053,35,29/03/12,medium,mucousSpraint,activelyExposed,>4,F
XC054,72,29/03/12,small,jelly,activelyExposed,3-4,F
XC055,71,29/03/12,medium,spraint,activelyExposed,>4,F
XC057,72,29/03/12,medium,mucousSpraint,activelyExposed,3-4,F
XC058,72,29/03/12,large,spraint,activelyExposed,>4,F
XC063,67,29/03/12,medium,spraint,non-exposed,3-4,M
XC070,67,29/03/12,medium,spraint,passivelyExposed,3-4,M
XC073,82,29/03/12,small,mucousSpraint,non-exposed,3-4,F
XC100,55,29/03/12,large,spraint,activelyExposed,1-2,F
XC115,81,29/03/12,small,spraint,activelyExposed,>4,M
XC116,68,29/03/12,large,mucousSpraint,activelyExposed,>4,M
XC117,68,29/03/12,large,mucousSpraint,activelyExposed,>4,M
XC118,68,29/03/12,small,mucousSpraint,activelyExposed,3-4,M
XC119,69,29/03/12,large,spraint,passivelyExposed,1-2,F
XC126,69,29/03/12,large,mucousSpraint,passivelyExposed,1-2,F
XC127,81,29/03/12,medium,mucousSpraint,passivelyExposed,1-2,M
XC131,66,29/03/12,medium,mucousSpraint,activelyExposed,>4,F
XC134,73,29/03/12,small,jelly,activelyExposed,3-4,M
XC138,68,29/03/12,large,mucousSpraint,activelyExposed,>4,M
XC148,73,29/03/12,small,jelly,activelyExposed,1-2,M
XC150,66,29/03/12,large,NA,activelyExposed,>4,F
XD002,81,30/03/12,medium,jelly,activelyExposed,3-4,M
XD007,72,30/03/12,large,jelly,non-exposed,3-4,F
XD008,71,30/03/12,large,spraint,activelyExposed,>4,F
XD009,73,30/03/12,large,mucousSpraint,activelyExposed,3-4,M
XD010,54,30/03/12,large,spraint,passivelyExposed,>4,F
XD022,81,30/03/12,medium,jelly,passivelyExposed,3-4,M
XD025,63,30/03/12,small,spraint,passivelyExposed,1-2,M
XD027,57,30/03/12,large,mucousSpraint,activelyExposed,>4,F
XD028,44,30/03/12,medium,spraint,non-exposed,>4,F
XD029,68,30/03/12,medium,mucousSpraint,activelyExposed,>4,M
XD035,81,30/03/12,medium,jelly,activelyExposed,3-4,M
XD040,57,30/03/12,large,spraint,activelyExposed,>4,F
XD043,66,30/03/12,large,mucousSpraint,activelyExposed,>4,F
XD044,81,30/03/12,small,jelly,activelyExposed,>4,M
XD046,68,30/03/12,large,jelly,activelyExposed,>4,M
XD048,71,30/03/12,large,spraint,activelyExposed,>4,F
XD049,68,30/03/12,medium,jelly,activelyExposed,>4,M
XD053,81,30/03/12,small,jelly,passivelyExposed,>4,M
XD056,44,30/03/12,medium,mucousSpraint,activelyExposed,>4,F
XD057,68,30/03/12,medium,jelly,activelyExposed,3-4,M
XD062,35,30/03/12,medium,mucousSpraint,activelyExposed,3-4,F
XD067,73,30/03/12,large,jelly,activelyExposed,3-4,M
XD078,79,30/03/12,small,jelly,activelyExposed,3-4,M
XD081,78,30/03/12,large,spraint,passivelyExposed,3-4,F
XD086,78,30/03/12,large,mucousSpraint,passivelyExposed,>4,F
XD090,59,30/03/12,large,spraint,activelyExposed,3-4,M
XD095,46,30/03/12,small,jelly,activelyExposed,3-4,F
XD096,73,30/03/12,medium,jelly,activelyExposed,1-2,M
XD097,68,30/03/12,medium,spraint,activelyExposed,1-2,M
XD109,69,30/03/12,large,spraint,non-exposed,3-4,F
XD110,69,30/03/12,small,mucousSpraint,non-exposed,1-2,F
XD119,44,30/03/12,small,mucousSpraint,activelyExposed,3-4,F
XD123,59,30/03/12,small,jelly,activelyExposed,>4,M
XD124,57,30/03/12,medium,jelly,activelyExposed,>4,F
XD125,44,30/03/12,small,mucousSpraint,activelyExposed,1-2,F
XD129,35,30/03/12,small,mucousSpraint,activelyExposed,>4,F
XD133,82,30/03/12,medium,spraint,non-exposed,1-2,F
XD135,68,30/03/12,large,jelly,activelyExposed,>4,M
XD137,67,30/03/12,medium,jelly,activelyExposed,3-4,M
XD138,44,30/03/12,medium,spraint,non-exposed,3-4,F
XD142,80,30/03/12,small,mucousSpraint,activelyExposed,>4,F
XD143,59,30/03/12,medium,jelly,activelyExposed,>4,M
XD149,35,30/03/12,large,jelly,non-exposed,>4,F
XD250,35,30/03/12,medium,jelly,activelyExposed,>4,F
XE019,82,31/03/12,medium,mucousSpraint,non-exposed,3-4,F
XE031,72,31/03/12,large,jelly,activelyExposed,>4,F
XE034,35,31/03/12,large,mucousSpraint,activelyExposed,>4,F
XE035,44,31/03/12,small,mucousSpraint,passivelyExposed,>4,F
XE037,71,31/03/12,large,jelly,activelyExposed,>4,F
XE040,67,31/03/12,large,mucousSpraint,passivelyExposed,>4,M
XE042,72,31/03/12,medium,spraint,activelyExposed,>4,F
XE043,71,31/03/12,large,jelly,activelyExposed,>4,F
XE046,35,31/03/12,large,mucousSpraint,passivelyExposed,>4,F
XE050,35,31/03/12,large,mucousSpraint,activelyExposed,>4,F
XE060,72,31/03/12,large,mucousSpraint,activelyExposed,>4,F
XE062,71,31/03/12,small,jelly,activelyExposed,>4,F
XE079,54,31/03/12,medium,jelly,passivelyExposed,3-4,F
XE097,59,31/03/12,large,mucousSpraint,non-exposed,3-4,M
XE100,59,31/03/12,medium,mucousSpraint,passivelyExposed,>4,M
XE109,59,31/03/12,large,spraint,non-exposed,3-4,M
XE110,78,31/03/12,small,mucousSpraint,passivelyExposed,1-2,F
XE112,69,31/03/12,small,mucousSpraint,non-exposed,3-4,F
XE118,59,31/03/12,large,spraint,passivelyExposed,>4,M
XE120,69,31/03/12,small,jelly,passivelyExposed,>4,F
XE136,69,31/03/12,medium,spraint,activelyExposed,1-2,F
XE151,44,31/03/12,large,mucousSpraint,passivelyExposed,3-4,F
XE152,35,31/03/12,large,jelly,passivelyExposed,>4,F
XE155,44,31/03/12,medium,mucousSpraint,non-exposed,>4,F
XE156,73,31/03/12,medium,jelly,activelyExposed,>4,M
XE157,49,31/03/12,small,spraint,activelyExposed,>4,F
XE158,80,31/03/12,large,spraint,activelyExposed,>4,F
XE160,46,31/03/12,medium,spraint,activelyExposed,>4,F
XE162,73,31/03/12,medium,mucousSpraint,activelyExposed,>4,M
XE165,59,31/03/12,small,jelly,passivelyExposed,>4,M
XE166,66,31/03/12,medium,mucousSpraint,activelyExposed,>4,F
XE167,73,31/03/12,large,mucousSpraint,activelyExposed,>4,M
XE168,72,31/03/12,medium,spraint,activelyExposed,>4,F
XE171,73,31/03/12,small,spraint,activelyExposed,3-4,M
XE300,44,31/03/12,medium,mucousSpraint,passivelyExposed,3-4,F
Y004,59,31/03/11,small,jelly,passivelyExposed,>4,M
Y008,59,31/03/11,small,mucousSpraint,passivelyExposed,3-4,M
Y012,54,31/03/11,medium,mucousSpraint,passivelyExposed,3-4,F
Y026,42,31/03/11,medium,spraint,non-exposed,>4,M
Y029,72,31/03/11,medium,spraint,non-exposed,3-4,F
Y031,71,31/03/11,medium,spraint,non-exposed,3-4,F
Y033,42,31/03/11,medium,NA,activelyExposed,3-4,M
Y034,57,31/03/11,medium,spraint,activelyExposed,3-4,F
Y055,42,31/03/11,small,spraint,non-exposed,>4,M
Y059,66,31/03/11,medium,spraint,passivelyExposed,>4,F
Y061,42,31/03/11,small,spraint,activelyExposed,1-2,M
Y062,42,31/03/11,small,spraint,passivelyExposed,>4,M
Y065,68,31/03/11,small,spraint,passivelyExposed,>4,M
Y067,46,31/03/11,large,spraint,non-exposed,>4,F
Y071,42,31/03/11,large,spraint,passivelyExposed,>4,M
Y073,55,31/03/11,large,spraint,non-exposed,>4,F
Y075,76,31/03/11,medium,spraint,non-exposed,>4,F
Y083,1,31/03/11,medium,jelly,activelyExposed,>4,F
Y090,64,31/03/11,medium,mucousSpraint,non-exposed,3-4,M
Y093,44,31/03/11,medium,spraint,non-exposed,>4,F
Y096,67,31/03/11,medium,jelly,non-exposed,>4,M
Y097,21,31/03/11,small,mucousSpraint,activelyExposed,>4,M
Y101,69,31/03/11,large,mucousSpraint,activelyExposed,1-2,F
Y103,65,31/03/11,small,jelly,passivelyExposed,3-4,M
Y117,67,31/03/11,medium,jelly,non-exposed,1-2,M
Y123,59,31/03/11,large,spraint,passivelyExposed,>4,M
Y136,56,31/03/11,medium,jelly,activelyExposed,1-2,M
Y137,56,31/03/11,small,jelly,non-exposed,1-2,M
Y142,70,31/03/11,medium,spraint,activelyExposed,>4,F
Y147,56,31/03/11,small,jelly,activelyExposed,1-2,M
Y148,69,31/03/11,small,mucousSpraint,activelyExposed,>4,F
Y150,75,31/03/11,large,mucousSpraint,activelyExposed,1-2,M
Z015,42,01/04/11,large,spraint,passivelyExposed,3-4,M
Z027,57,01/04/11,large,mucousSpraint,activelyExposed,>4,F
Z065,64,01/04/11,large,mucousSpraint,non-exposed,>4,M
Z070,65,01/04/11,medium,spraint,non-exposed,3-4,M
Z073,58,01/04/11,medium,mucousSpraint,non-exposed,>4,F
Z080,44,01/04/11,small,spraint,non-exposed,1-2,F
Z083,73,01/04/11,medium,spraint,non-exposed,>4,M
Z093,44,01/04/11,medium,mucousSpraint,non-exposed,3-4,F
Z097,67,01/04/11,large,mucousSpraint,activelyExposed,3-4,M
Z102,57,01/04/11,large,spraint,non-exposed,3-4,F
Z103,53,01/04/11,medium,mucousSpraint,passivelyExposed,3-4,F
Z106,55,01/04/11,large,spraint,activelyExposed,1-2,F
Z109,57,01/04/11,large,mucousSpraint,activelyExposed,>4,F
Z110,71,01/04/11,large,mucousSpraint,activelyExposed,3-4,F
Z122,56,01/04/11,small,jelly,passivelyExposed,3-4,M
Z125,69,01/04/11,small,spraint,activelyExposed,3-4,F
Z136,67,01/04/11,small,mucousSpraint,passivelyExposed,3-4,M
Z137,67,01/04/11,large,mucousSpraint,non-exposed,3-4,M
Z140,67,01/04/11,large,mucousSpraint,non-exposed,1-2,M
ZX1,57,01/04/11,small,spraint,activelyExposed,>4,F
ZX2,57,01/04/11,medium,mucousSpraint,activelyExposed,>4,F
ZX3,57,01/04/11,large,spraint,activelyExposed,>4,F
